{"stats":{"minecraft:mined":{"minecraft:grass":1,"minecraft:oak_log":1,"minecraft:birch_leaves":1,"minecraft:oak_leaves":8},"minecraft:custom":{"minecraft:jump":49,"minecraft:time_since_rest":15494,"minecraft:damage_dealt":200,"minecraft:crouch_one_cm":20,"minecraft:sprint_one_cm":3924,"minecraft:play_time":15494,"minecraft:damage_taken":20,"minecraft:time_since_death":15494,"minecraft:walk_one_cm":5914,"minecraft:sneak_time":3,"minecraft:total_world_time":15494,"minecraft:mob_kills":2,"minecraft:fall_one_cm":1565,"minecraft:fly_one_cm":3717},"minecraft:killed":{"minecraft:cow":2},"minecraft:picked_up":{"minecraft:beef":6,"minecraft:oak_log":1,"minecraft:leather":1}},"DataVersion":3465}