{"stats":{"minecraft:custom":{"minecraft:jump":23,"minecraft:time_since_rest":1595,"minecraft:damage_dealt":155,"minecraft:crouch_one_cm":20,"minecraft:sprint_one_cm":1781,"minecraft:play_time":1595,"minecraft:time_since_death":1595,"minecraft:walk_one_cm":3266,"minecraft:sneak_time":3,"minecraft:total_world_time":1595,"minecraft:mob_kills":1,"minecraft:fall_one_cm":534,"minecraft:fly_one_cm":1331},"minecraft:killed":{"minecraft:cow":1},"minecraft:picked_up":{"minecraft:beef":3}},"DataVersion":3465}